run,phase,rep,tokens,seconds,logged_tps
standard-xe-pp512-tg0,prefill,0,512,2.488821224,205.719879
standard-xe-pp512-tg0,prefill,1,512,2.520706689,203.117642
standard-xe-pp512-tg0,prefill,2,512,2.506464902,204.271761
standard-xe-pp2048-tg0,prefill,0,2048,11.971169168,171.077693
standard-xe-pp2048-tg0,prefill,1,2048,11.965135879,171.163957
standard-xe-pp2048-tg0,prefill,2,2048,12.780424421,160.245070
standard-xe-pp0-tg128,decode,0,128,7.006966112,18.267535
standard-xe-pp0-tg128,decode,1,128,6.945368221,18.429548
standard-xe-pp0-tg128,decode,2,128,6.961007554,18.388143
standard-cpu-wide-pp512-tg0,prefill,0,512,7.213172349,70.981251
standard-cpu-wide-pp512-tg0,prefill,1,512,7.253229425,70.589247
standard-cpu-wide-pp512-tg0,prefill,2,512,9.368588858,54.650707
standard-cpu-wide-pp2048-tg0,prefill,0,2048,40.857672581,50.125224
standard-cpu-wide-pp2048-tg0,prefill,1,2048,40.067929781,51.113197
standard-cpu-wide-pp2048-tg0,prefill,2,2048,39.992200436,51.209985
standard-cpu-wide-pp0-tg128,decode,0,128,8.732608298,14.657705
standard-cpu-wide-pp0-tg128,decode,1,128,8.670651376,14.762443
standard-cpu-wide-pp0-tg128,decode,2,128,9.014099558,14.199976
standard-vk-pp512-tg0,prefill,0,512,2.774222283,184.556228
standard-vk-pp512-tg0,prefill,1,512,2.708046630,189.066168
standard-vk-pp512-tg0,prefill,2,512,2.701041924,189.556480
standard-vk-pp2048-tg0,prefill,0,2048,12.656696187,161.811579
standard-vk-pp2048-tg0,prefill,1,2048,12.786503353,160.168886
standard-vk-pp2048-tg0,prefill,2,2048,12.746792212,160.667874
standard-vk-pp0-tg128,decode,0,128,10.699695060,11.962958
standard-vk-pp0-tg128,decode,1,128,10.709646545,11.951842
standard-vk-pp0-tg128,decode,2,128,10.673535893,11.992277
